Date,Value,Variable
01/01/1990,180045,Consumption
04/01/1990,181598,Consumption
07/01/1990,180542,Consumption
10/01/1990,180513,Consumption
01/01/1991,180414,Consumption
04/01/1991,179188,Consumption
07/01/1991,179455,Consumption
10/01/1991,179549,Consumption
01/01/1992,179225,Consumption
04/01/1992,181251,Consumption
07/01/1992,182440,Consumption
10/01/1992,182738,Consumption
01/01/1993,184245,Consumption
04/01/1993,184640,Consumption
07/01/1993,188069,Consumption
10/01/1993,189490,Consumption
01/01/1994,191095,Consumption
04/01/1994,191515,Consumption
07/01/1994,193222,Consumption
10/01/1994,194348,Consumption
01/01/1995,194708,Consumption
04/01/1995,195963,Consumption
07/01/1995,196931,Consumption
10/01/1995,199163,Consumption
01/01/1996,201297,Consumption
04/01/1996,203008,Consumption
07/01/1996,204768,Consumption
10/01/1996,207283,Consumption
01/01/1997,209792,Consumption
04/01/1997,212354,Consumption
07/01/1997,215715,Consumption
10/01/1997,217665,Consumption
01/01/1998,219102,Consumption
04/01/1998,221815,Consumption
07/01/1998,225614,Consumption
10/01/1998,225003,Consumption
01/01/1999,227713,Consumption
04/01/1999,232273,Consumption
07/01/1999,234917,Consumption
10/01/1999,236628,Consumption
01/01/2000,239915,Consumption
04/01/2000,242029,Consumption
07/01/2000,244241,Consumption
10/01/2000,247390,Consumption
01/01/2001,247567,Consumption
04/01/2001,248457,Consumption
07/01/2001,252384,Consumption
10/01/2001,254533,Consumption
01/01/2002,256236,Consumption
04/01/2002,257702,Consumption
07/01/2002,259200,Consumption
10/01/2002,261207,Consumption
01/01/2003,263639,Consumption
04/01/2003,266158,Consumption
07/01/2003,268289,Consumption
10/01/2003,269656,Consumption
01/01/2004,271341,Consumption
04/01/2004,274232,Consumption
07/01/2004,275380,Consumption
10/01/2004,277906,Consumption
01/01/2005,279374,Consumption
04/01/2005,278885,Consumption
07/01/2005,281755,Consumption
10/01/2005,281709,Consumption
01/01/2006,281586,Consumption
04/01/2006,284000,Consumption
07/01/2006,287623,Consumption
10/01/2006,288802,Consumption
01/01/2007,289245,Consumption
04/01/2007,290983,Consumption
07/01/2007,295139,Consumption
10/01/2007,293962,Consumption
01/01/2008,297234,Consumption
04/01/2008,294925,Consumption
07/01/2008,290238,Consumption
10/01/2008,283236,Consumption
01/01/2009,281305,Consumption
04/01/2009,279930,Consumption
07/01/2009,282822,Consumption
10/01/2009,286912,Consumption
01/01/2010,282533,Consumption
04/01/2010,288462,Consumption
07/01/2010,288531,Consumption
10/01/2010,290445,Consumption
01/01/2011,287063,Consumption
04/01/2011,285724,Consumption
07/01/2011,286142,Consumption
10/01/2011,288898,Consumption
01/01/2012,288635,Consumption
04/01/2012,290659,Consumption
07/01/2012,292925,Consumption
10/01/2012,296553,Consumption
01/01/2013,295836,Consumption
04/01/2013,298755,Consumption
07/01/2013,302391,Consumption
10/01/2013,302681,Consumption
01/01/2014,304264,Consumption
04/01/2014,306925,Consumption
07/01/2014,310673,Consumption
11/01/1994,107986.0287,Valence
15/01/2005,252070.244,Valence
12/09/2013,76515.81459,Valence
01/01/2012,89165.60652,Valence
27/07/1999,27150.77292,Valence
10/04/2013,226153.5972,Valence
31/05/2010,28076.36745,Valence
01/01/2014,250836.118,Valence
01/01/2014,159202.2594,Valence
01/01/2014,129274.7029,Valence
01/01/2014,155499.8813,Valence
01/01/2012,247442.2714,Valence
18/06/2013,296807.3131,Valence
01/01/2013,11785.9037,Valence
12/10/2013,158276.6649,Valence
11/05/2013,174937.3664,Valence
27/09/2013,102123.93,Valence
10/04/2013,107677.4971,Valence
01/01/2014,147169.5305,Valence
18/10/2013,124646.7302,Valence
10/04/2013,149329.2511,Valence
01/01/2014,132668.5495,Valence
01/01/2014,70036.65287,Valence
01/01/2013,266262.6935,Valence
01/01/2014,80835.25574,Valence
19/04/2013,265954.162,Valence
01/01/1990,86697.35444,Valence
29/03/2013,140998.9003,Valence
01/01/2013,212269.6792,Valence
15/03/2013,157968.1334,Valence
17/02/2013,126189.3878,Valence
01/01/2012,196843.1037,Valence
08/01/2012,204247.8599,Valence
01/01/2013,222142.6875,Valence
23/03/2004,145935.4044,Valence
11/04/2013,93176.51616,Valence
13/05/2013,53993.01433,Valence
26/11/2012,297732.9076,Valence
11/05/2012,272433.3237,Valence
04/02/2012,73430.49949,Valence
29/10/2012,179565.3391,Valence
14/09/2012,135136.8016,Valence
31/08/2010,113848.1274,Valence
01/01/2012,233558.3534,Valence
01/01/2012,76515.81459,Valence
27/03/2012,226462.1287,Valence
01/01/2012,215972.0573,Valence
14/05/2012,73430.49949,Valence
19/03/2012,226770.6602,Valence
24/07/2012,99347.14637,Valence
01/01/2012,191289.5365,Valence
03/12/2012,237260.7315,Valence
01/01/2011,230781.5698,Valence
05/07/2012,108603.0917,Valence
22/06/2012,211035.5531,Valence
24/10/2011,65408.68022,Valence
01/01/1999,79601.1297,Valence
18/07/2012,185118.9063,Valence
28/06/2011,210418.4901,Valence
25/05/2012,273975.9813,Valence
28/11/2011,270273.6032,Valence
19/08/2011,149946.3141,Valence
01/01/2011,106443.3711,Valence
10/02/2012,187895.6899,Valence
25/07/2011,252070.244,Valence
01/01/2011,166298.4841,Valence
17/06/2011,163521.7005,Valence
10/05/2010,294647.5925,Valence
01/01/2011,108603.0917,Valence
01/01/2011,142541.5578,Valence
01/01/2011,207950.238,Valence
24/01/2011,88857.07501,Valence
10/05/2010,75590.22006,Valence
01/01/2010,179873.8706,Valence
01/01/2010,157042.5388,Valence
01/01/2010,250219.055,Valence
31/05/2010,91016.79558,Valence
10/05/2010,130817.3604,Valence
15/08/2010,272741.8552,Valence
24/11/2010,145935.4044,Valence
01/01/2010,167224.0787,Valence
01/01/2012,241580.1727,Valence
27/04/2010,116316.3794,Valence
18/11/2013,227696.2547,Valence
03/12/2012,131125.8919,Valence
01/01/2011,287551.3677,Valence
27/04/2010,229238.9123,Valence
23/06/2010,162287.5745,Valence
01/01/2009,142233.0263,Valence
08/11/2009,60163.64454,Valence
25/01/2005,99347.14637,Valence
01/01/1992,226462.1287,Valence
11/12/2013,171234.9883,Valence
11/09/2009,214429.3998,Valence
25/09/2007,224302.4081,Valence
01/01/2011,268730.9456,Valence
22/11/2010,140073.3057,Valence
02/09/2010,246208.1453,Valence
11/09/2009,298658.5021,Valence
01/01/2009,277061.2964,Valence
01/01/2009,210418.4901,Valence
01/01/2011,223376.8136,Valence
18/08/2009,127423.5138,Valence
26/09/2008,232324.2274,Valence
13/10/2011,47822.38412,Valence
03/06/2009,130817.3604,Valence
16/09/2008,29063.66828,Valence
14/11/2008,131742.955,Valence
23/09/2008,115390.7849,Valence
10/09/2007,279221.017,Valence
01/01/2011,240037.5151,Valence
24/11/2008,140690.3688,Valence
27/08/2013,116316.3794,Valence
16/05/2008,295881.7185,Valence
18/09/2009,236643.6685,Valence
01/01/2008,297424.3761,Valence
26/10/2012,27521.01073,Valence
14/03/2010,186661.5638,Valence
03/11/2008,218440.3094,Valence
13/10/1995,121869.9466,Valence
06/02/2008,169383.7992,Valence
09/01/2003,248984.9289,Valence
12/08/2009,225845.0657,Valence
26/02/2007,138222.1167,Valence
01/01/2007,214737.9313,Valence
01/01/2006,287551.3677,Valence
27/11/2001,53067.4198,Valence
31/10/2006,87005.88595,Valence
23/10/2006,72813.43647,Valence
19/10/2012,45971.19506,Valence
01/01/2006,281380.7375,Valence
09/12/2006,297424.3761,Valence
29/05/2007,109528.6862,Valence
28/11/2005,233866.8849,Valence
01/01/2006,242814.2987,Valence
06/05/2006,221834.156,Valence
05/02/2006,197460.1667,Valence
01/01/2006,188204.2214,Valence
18/12/2006,226770.6602,Valence
11/11/2005,136679.4591,Valence
21/02/2006,128349.1083,Valence
17/04/2006,38874.97032,Valence
01/01/2005,129583.2344,Valence
11/11/2005,124955.2617,Valence
21/02/2006,240037.5151,Valence
01/01/2005,163830.2321,Valence
23/05/2005,298041.4391,Valence
30/05/2005,181416.5281,Valence
08/08/2005,140073.3057,Valence
01/01/2004,204556.3914,Valence
30/05/2005,82994.97631,Valence
01/01/2005,192215.131,Valence
01/01/2006,79909.66121,Valence
01/01/2005,94102.11069,Valence
01/01/2004,106751.9026,Valence
12/06/2005,113539.5958,Valence
24/09/2002,232324.2274,Valence
27/09/2004,269039.4771,Valence
24/09/2002,238186.3261,Valence
24/09/2002,276135.7019,Valence
01/01/2004,84229.10235,Valence
01/01/2004,194991.9146,Valence
12/06/2005,295264.6555,Valence
01/01/2004,233866.8849,Valence
01/01/2010,257315.2797,Valence
30/08/2004,287242.8362,Valence
01/01/2004,258549.4058,Valence
01/01/2004,137296.5222,Valence
09/12/2006,215354.9943,Valence
23/03/2004,211344.0847,Valence
01/01/2004,35789.65521,Valence
05/09/1994,111379.8753,Valence
23/03/2004,179873.8706,Valence
01/01/2004,284774.5841,Valence
01/01/2003,147169.5305,Valence
01/01/2001,93793.57918,Valence
12/01/2003,118167.5685,Valence
01/01/2000,116007.8479,Valence
01/01/2003,203939.3284,Valence
01/01/2003,247750.8029,Valence
01/01/2002,110762.8123,Valence
24/06/2003,210109.9586,Valence
03/04/2003,91633.8586,Valence
01/01/2003,225228.0026,Valence
16/07/2002,237260.7315,Valence
19/07/2002,30606.32584,Valence
01/01/2002,137913.5852,Valence
23/05/2003,271507.7292,Valence
21/08/2009,134519.7386,Valence
01/01/2002,83303.50782,Valence
19/07/2002,134519.7386,Valence
25/06/2002,186353.0323,Valence
11/12/2010,74047.56251,Valence
22/04/2003,195917.5091,Valence
22/10/2012,154882.8182,Valence
01/01/2011,271816.2607,Valence
24/09/2002,211652.6162,Valence
26/05/2002,198077.2297,Valence
01/01/2002,222142.6875,Valence
01/01/2013,162287.5745,Valence
01/01/2002,121561.4151,Valence
15/04/2002,116007.8479,Valence
11/12/2001,279838.08,Valence
19/11/2001,208875.8326,Valence
01/01/2002,290328.1513,Valence
11/12/2001,86388.82293,Valence
01/01/2012,262560.3154,Valence
27/09/2005,297424.3761,Valence
01/01/1991,240963.1097,Valence
22/04/2003,152723.0977,Valence
01/01/2001,60163.64454,Valence
11/12/2008,188512.7529,Valence
21/05/2001,235718.074,Valence
05/01/2001,190981.005,Valence
04/10/2006,281072.206,Valence
11/12/2001,275518.6388,Valence
22/04/2003,201162.5448,Valence
17/10/2000,210418.4901,Valence
23/01/2001,203630.7969,Valence
15/04/2002,174011.7719,Valence
09/05/2013,145935.4044,Valence
23/05/2000,152723.0977,Valence
05/01/2001,286008.7102,Valence
16/01/1990,199002.8242,Valence
01/01/2000,101198.3354,Valence
01/01/2000,120018.7576,Valence
16/01/1990,165681.4211,Valence
01/01/2001,169692.3307,Valence
01/01/1999,185118.9063,Valence
01/01/2013,265645.6305,Valence
14/08/2000,265954.162,Valence
01/01/1998,117550.5055,Valence
12/06/2005,242814.2987,Valence
25/09/2000,206716.112,Valence
02/01/2000,165681.4211,Valence
01/01/2005,277369.8279,Valence
16/05/2000,275827.1703,Valence
14/08/2000,264720.036,Valence
11/01/1999,165372.8896,Valence
01/01/1999,172160.5828,Valence
06/07/1999,261943.2524,Valence
01/02/2010,125572.3248,Valence
28/02/2000,194374.8516,Valence
01/01/2004,211652.6162,Valence
28/10/2002,110454.2807,Valence
16/10/2011,126189.3878,Valence
01/01/1998,102740.993,Valence
06/07/1999,188204.2214,Valence
29/10/2001,296807.3131,Valence
11/01/1999,82377.91329,Valence
01/01/1999,283231.9266,Valence
01/05/2011,236026.6055,Valence
27/07/1992,277986.8909,Valence
01/01/1999,211035.5531,Valence
11/01/1999,197460.1667,Valence
01/01/1999,287859.8993,Valence
26/04/1999,232632.7589,Valence
01/01/1998,298658.5021,Valence
23/10/2001,149329.2511,Valence
01/01/1998,100889.8039,Valence
01/01/1999,36098.18672,Valence
15/03/1999,140381.8373,Valence
02/12/1999,96570.36277,Valence
01/12/1999,279838.08,Valence
16/11/1998,297424.3761,Valence
10/05/2010,166915.5472,Valence
02/12/1999,53993.01433,Valence
01/01/2013,141615.9633,Valence
01/01/2005,232015.6959,Valence
02/12/1999,236643.6685,Valence
18/05/1999,250219.055,Valence
14/09/1998,82377.91329,Valence
01/01/1997,64791.6172,Valence
09/09/1996,262868.8469,Valence
01/01/2005,258857.9373,Valence
01/01/1996,113848.1274,Valence
02/12/1999,284774.5841,Valence
01/01/1997,165681.4211,Valence
01/01/1997,224610.9396,Valence
18/09/2009,89474.13803,Valence
01/01/1998,11909.3163,Valence
01/01/1997,144701.2784,Valence
16/09/1997,284466.0526,Valence
01/01/1997,124955.2617,Valence
01/01/1997,105517.7766,Valence
01/01/1998,204556.3914,Valence
01/01/1997,296498.7815,Valence
01/01/1997,216589.1203,Valence
29/09/1997,48439.44714,Valence
10/03/1997,202396.6709,Valence
01/01/1997,72813.43647,Valence
01/01/1997,277986.8909,Valence
01/01/2001,247442.2714,Valence
22/09/2003,183884.7802,Valence
05/11/1997,172160.5828,Valence
24/03/1997,259783.5318,Valence
01/01/1996,250219.055,Valence
10/10/1995,176480.024,Valence
20/11/1995,155499.8813,Valence
23/10/2000,216897.6518,Valence
24/02/1997,245282.5508,Valence
01/01/2004,210109.9586,Valence
01/01/1996,215972.0573,Valence
30/06/1997,96261.83126,Valence
17/11/1997,231090.1013,Valence
17/03/2003,51833.29376,Valence
01/01/1997,70653.71589,Valence
01/01/1990,162287.5745,Valence
13/02/1996,173703.2404,Valence
01/01/1996,178022.6815,Valence
27/07/2010,293721.998,Valence
30/06/1997,116007.8479,Valence
01/01/1995,76824.3461,Valence
02/05/1996,149637.7826,Valence
16/06/1995,44120.00599,Valence
17/11/1997,65408.68022,Valence
10/02/1995,128040.5768,Valence
01/01/2002,232015.6959,Valence
16/06/1995,79601.1297,Valence
23/10/2000,207333.175,Valence
14/11/2005,177405.6185,Valence
17/11/1997,94410.6422,Valence
01/01/1995,50599.16771,Valence
15/03/1994,274901.5758,Valence
11/09/1993,85463.2284,Valence
04/03/1995,189438.3474,Valence
15/10/2013,140690.3688,Valence
29/10/2012,49365.04167,Valence
01/01/2008,252070.244,Valence
14/11/2005,246516.6769,Valence
05/04/1995,286317.2417,Valence
25/11/2013,183884.7802,Valence
14/11/2005,182650.6542,Valence
19/01/2011,268422.4141,Valence
08/04/1993,45354.13204,Valence
01/01/1993,301435.2857,Valence
01/01/1993,111996.9383,Valence
14/11/2005,255155.5591,Valence
01/01/2011,153957.2237,Valence
14/11/2005,152106.0347,Valence
01/01/1993,257932.3427,Valence
16/11/1992,268422.4141,Valence
11/09/1998,118476.1,Valence
01/01/2003,277678.3594,Valence
01/01/2008,282306.3321,Valence
17/11/1992,33938.46615,Valence
01/01/2009,154265.7552,Valence
01/01/1998,231090.1013,Valence
24/07/1992,239111.9206,Valence
06/01/1992,175245.8979,Valence
27/01/1992,130817.3604,Valence
11/09/1998,78058.47214,Valence
19/07/2005,296190.25,Valence
01/01/2013,210727.0216,Valence
01/01/2002,131742.955,Valence
24/09/1991,84229.10235,Valence
15/05/2000,238186.3261,Valence
15/03/2005,139764.7742,Valence
01/01/1990,221217.093,Valence
01/01/2001,151180.4401,Valence
18/11/1991,227387.7232,Valence
11/04/2008,179873.8706,Valence
30/09/1991,91633.8586,Valence
01/01/2013,284466.0526,Valence
01/01/2011,169692.3307,Valence
18/09/2009,101506.8669,Valence
24/11/2009,229238.9123,Valence
01/01/2010,96878.89428,Valence
30/08/2010,161053.4485,Valence
01/01/1998,265954.162,Valence
30/05/2003,236026.6055,Valence
30/08/2010,243122.8302,Valence
19/10/2009,271199.1977,Valence
10/05/2010,196843.1037,Valence
24/10/2012,58620.98699,Valence
01/01/2004,123104.0727,Valence
18/09/2009,79292.59819,Valence
18/11/1991,112614.0013,Valence
01/01/1999,78675.53517,Valence
01/01/1998,58003.92397,Valence
01/01/1990,125263.7932,Valence
25/11/2013,237569.263,Valence
30/08/2004,197768.6982,Valence
01/10/2000,265645.6305,Valence
24/10/2012,57695.39245,Valence
01/01/1998,87314.41746,Valence
18/09/2009,250527.5865,Valence
01/01/1993,257623.8112,Valence
01/01/2006,259783.5318,Valence
09/11/2010,80218.19272,Valence
01/01/2003,147786.5935,Valence
26/02/2010,280146.6115,Valence
11/09/1998,46279.72657,Valence
26/04/2010,287551.3677,Valence
01/01/2008,170309.3938,Valence
01/11/2000,59238.05001,Valence
18/09/2009,248059.3344,Valence
01/01/2009,187587.1584,Valence
08/11/1992,285700.1787,Valence
07/07/2008,224919.4711,Valence
06/11/1991,40417.62787,Valence
01/01/2004,107677.4971,Valence
19/11/2010,201779.6078,Valence
11/09/1998,242505.7672,Valence
20/08/1999,248059.3344,Valence
01/01/1991,163830.2321,Valence
10/02/2001,257006.7482,Valence
01/01/1993,288168.4308,Valence
04/07/1992,259475.0003,Valence
07/01/2003,147169.5305,Valence
01/01/2002,227696.2547,Valence
25/04/2008,120635.8206,Valence
02/01/1996,274901.5758,Valence
01/01/2013,274901.5758,Valence
01/01/2002,296190.25,Valence
21/10/2003,166298.4841,Valence
04/11/2005,251144.6495,Valence
05/04/2007,257315.2797,Valence
01/01/2005,296498.7815,Valence
01/01/2002,164755.8266,Valence
01/01/2004,205173.4545,Valence
21/08/2000,279221.017,Valence
26/02/2010,100889.8039,Valence
14/06/2004,299584.0966,Valence
26/02/2010,296807.3131,Valence
01/01/1995,147478.062,Valence
03/08/2010,238186.3261,Valence
01/01/2006,297115.8446,Valence
29/01/2002,94719.17371,Valence
21/12/2010,261017.6578,Valence
01/01/2007,248676.3974,Valence
01/01/1993,226462.1287,Valence
01/01/2002,128657.6399,Valence
01/01/2009,241271.6412,Valence
01/01/2003,124338.1987,Valence
01/01/2002,259783.5318,Valence
03/04/2008,132051.4865,Valence
26/09/2005,298967.0336,Valence
16/11/1999,51833.29376,Valence
02/04/2011,224610.9396,Valence
19/11/2010,289711.0883,Valence
01/01/2007,284466.0526,Valence
15/11/2011,59855.11303,Valence
03/01/2010,257932.3427,Valence
17/11/2005,281072.206,Valence
01/01/2008,192523.6625,Valence
03/05/2004,195608.9776,Valence
11/12/1996,108294.5602,Valence
01/01/2008,269348.0086,Valence
01/01/2001,248984.9289,Valence
21/10/2003,289094.0253,Valence
12/09/2012,237569.263,Valence
01/01/2008,124955.2617,Valence
06/06/1997,296807.3131,Valence
14/01/2003,297424.3761,Valence
01/01/2008,258549.4058,Valence
01/01/2011,72813.43647,Valence
03/01/2010,22152.56245,Valence
01/08/1996,244048.4248,Valence
03/01/2010,271199.1977,Valence
01/01/2005,82686.4448,Valence
01/01/1998,171543.5198,Valence
01/01/2005,203939.3284,Valence
01/01/1998,153031.6292,Valence
03/01/2010,185118.9063,Valence
28/01/2011,215972.0573,Valence
01/01/2001,182033.5912,Valence
01/01/1996,239420.4521,Valence
06/01/2008,294030.5295,Valence
01/01/1996,110145.7492,Valence
21/10/2003,233249.8219,Valence
01/01/2008,223068.2821,Valence
03/01/2010,277369.8279,Valence
01/01/1998,229855.9753,Valence
01/01/1998,217206.1834,Valence
13/11/2011,215046.4628,Valence
22/10/2001,199002.8242,Valence
01/01/2002,143775.6839,Valence
01/01/1997,100581.2724,Valence
03/01/2010,199619.8873,Valence
01/01/2010,261017.6578,Valence
01/01/2007,173086.1774,Valence
04/08/1994,41343.2224,Valence
01/01/1998,263177.3784,Valence
01/01/1995,226462.1287,Valence
01/01/1991,299275.5651,Valence
15/10/2002,234483.9479,Valence
22/02/1994,282306.3321,Valence
24/09/2002,163830.2321,Valence
03/01/2010,272433.3237,Valence
07/08/2010,211652.6162,Valence
01/01/1993,170309.3938,Valence
07/11/2006,149637.7826,Valence
11/07/2007,298349.9706,Valence
01/01/2007,120944.3521,Valence
13/11/2000,296807.3131,Valence
13/11/2000,67259.86928,Valence
18/11/2009,299892.6282,Valence
01/01/1999,146243.936,Valence
16/07/2013,138222.1167,Valence
13/11/2000,164138.7636,Valence
19/07/2010,83303.50782,Valence
01/01/2010,45354.13204,Valence
13/11/2000,177097.087,Valence
08/08/2011,161361.98,Valence
13/11/2000,204864.9229,Valence
11/03/2009,213503.8052,Valence
30/09/2008,153648.6922,Valence
12/01/2010,161361.98,Valence
13/11/2000,208567.3011,Valence
07/06/2004,186044.5008,Valence
01/01/2003,288476.9623,Valence
12/12/2011,239728.9836,Valence
14/02/1997,106751.9026,Valence
29/04/1991,200545.4818,Valence
01/01/1993,142850.0893,Valence
13/11/2000,259475.0003,Valence
07/12/2004,227079.1917,Valence
01/01/2003,290945.2144,Valence
13/11/2000,225536.5341,Valence
11/05/1991,192523.6625,Valence
13/11/2000,252687.3071,Valence
22/03/1993,207950.238,Valence
24/09/2002,86697.35444,Valence
22/12/1995,227079.1917,Valence
13/11/2000,247133.7399,Valence
20/03/2001,267805.3511,Valence
13/11/2000,281380.7375,Valence
01/01/2008,215972.0573,Valence
21/10/2003,223068.2821,Valence
28/03/2006,294339.061,Valence
28/02/2003,162596.106,Valence
13/11/2000,233249.8219,Valence
28/03/2006,172777.6459,Valence
02/04/2001,232015.6959,Valence
13/11/2000,294647.5925,Valence
01/01/1997,218131.7779,Valence
09/12/2005,116316.3794,Valence
13/11/2000,267188.2881,Valence
02/11/2008,87931.48048,Valence
13/11/2000,281380.7375,Valence
01/01/1999,243431.3617,Valence
24/09/2002,269656.5401,Valence
02/11/2008,297424.3761,Valence
13/11/2000,298658.5021,Valence
02/11/2008,297115.8446,Valence
24/09/2002,299584.0966,Valence
01/01/1991,256389.6852,Valence
08/05/1996,156734.0073,Valence
24/09/2002,275518.6388,Valence
01/01/1991,246516.6769,Valence
11/09/1998,184193.3117,Valence
17/09/1990,208875.8326,Valence
24/09/2002,275827.1703,Valence
01/09/2004,252995.8386,Valence
01/01/1995,296807.3131,Valence
24/09/2002,279221.017,Valence
01/01/2003,248059.3344,Valence
01/01/2006,240346.0466,Valence
12/12/2000,251453.181,Valence
01/01/1998,253612.9016,Valence
01/01/1998,257315.2797,Valence
01/01/1997,108911.6232,Valence
23/11/2004,143158.6209,Valence
14/12/2012,188821.2844,Valence
23/11/2004,220600.03,Valence
24/09/2002,222759.7505,Valence
01/01/1999,69111.05834,Valence
01/01/1995,147786.5935,Valence
02/08/2005,212578.2107,Valence
24/09/2013,261017.6578,Valence
26/10/2010,221217.093,Valence
30/09/1991,256698.2167,Valence
10/03/2000,296190.25,Valence
01/01/2007,292179.3404,Valence
14/05/2010,214737.9313,Valence
01/01/1998,209492.8956,Valence
12/02/2004,267188.2881,Valence
13/03/2012,51216.23074,Valence
01/01/2010,117859.037,Valence
01/01/1991,191906.5995,Valence
21/10/2003,80526.72423,Valence
13/03/2012,288168.4308,Valence
20/09/2011,33321.40313,Valence
01/01/2006,218131.7779,Valence
18/04/2012,203013.7339,Valence
01/01/2010,167841.1417,Valence
05/01/2006,89474.13803,Valence
01/01/2005,64791.6172,Valence
01/01/1998,100581.2724,Valence
25/11/2013,102740.993,Valence
01/01/1998,238494.8576,Valence
30/04/2011,227696.2547,Valence
01/01/1998,108294.5602,Valence
01/01/1998,71579.31043,Valence
01/01/2008,241580.1727,Valence
21/10/2003,298041.4391,Valence
01/01/1998,52758.88829,Valence
11/01/1994,174476.0558,Energy
15/01/2005,185606.9047,Energy
12/09/2013,86264.07863,Energy
01/01/2012,119934.8964,Energy
27/07/1999,84872.72252,Energy
10/04/2013,209259.9585,Energy
31/05/2010,39236.24222,Energy
01/01/2014,254618.1676,Energy
01/01/2014,215660.1966,Energy
01/01/2014,199798.737,Energy
01/01/2014,214268.8405,Energy
01/01/2012,268809.9999,Energy
18/06/2013,210651.3146,Energy
01/01/2013,237365.3518,Energy
12/10/2013,227904.1303,Energy
11/05/2013,236530.5382,Energy
27/09/2013,121326.2525,Energy
10/04/2013,117430.4554,Energy
01/01/2014,196181.2111,Energy
18/10/2013,210373.0434,Energy
10/04/2013,173084.6997,Energy
01/01/2014,193398.4989,Energy
01/01/2014,247939.6583,Energy
01/01/2013,139970.4244,Energy
01/01/2014,180876.2939,Energy
19/04/2013,225677.9605,Energy
01/01/1990,202581.4492,Energy
29/03/2013,235973.9957,Energy
01/01/2013,189780.973,Energy
15/03/2013,142474.8653,Energy
17/02/2013,241261.1489,Energy
01/01/2012,219834.2649,Energy
08/01/2012,146370.6624,Energy
01/01/2013,274097.1531,Energy
23/03/2004,171415.0724,Energy
11/04/2013,193398.4989,Energy
13/05/2013,80976.92542,Energy
26/11/2012,240148.0641,Energy
11/05/2012,227904.1303,Energy
04/02/2012,145257.5776,Energy
29/10/2012,258513.9647,Energy
14/09/2012,233747.826,Energy
31/08/2010,187554.8032,Energy
01/01/2012,261018.4057,Energy
01/01/2012,188389.6169,Energy
27/03/2012,256844.3373,Energy
01/01/2012,261574.9481,Energy
14/05/2012,196459.4823,Energy
19/03/2012,177537.0392,Energy
24/07/2012,230965.1137,Energy
01/01/2012,164180.0206,Energy
03/12/2012,255452.9812,Energy
01/01/2011,144979.3063,Energy
05/07/2012,207590.3312,Energy
22/06/2012,247661.387,Energy
24/10/2011,162788.6645,Energy
01/01/1999,84316.18008,Energy
18/07/2012,213155.7556,Energy
28/06/2011,206477.2463,Energy
25/05/2012,218999.4512,Energy
28/11/2011,245156.946,Energy
19/08/2011,221782.1634,Energy
01/01/2011,262409.7618,Energy
10/02/2012,233747.826,Energy
25/07/2011,234582.6396,Energy
01/01/2011,238478.4367,Energy
17/06/2011,261296.6769,Energy
10/05/2010,197850.8384,Energy
01/01/2011,204807.6189,Energy
01/01/2011,189224.4305,Energy
01/01/2011,221782.1634,Energy
24/01/2011,89325.06206,Energy
10/05/2010,155275.3415,Energy
01/01/2010,218721.18,Energy
01/01/2010,220947.3498,Energy
01/01/2010,240426.3353,Energy
31/05/2010,270201.356,Energy
10/05/2010,234026.0972,Energy
15/08/2010,203416.2628,Energy
24/11/2010,241817.6914,Energy
01/01/2010,211486.1283,Energy
01/01/2012,171136.8012,Energy
27/04/2010,241261.1489,Energy
18/11/2013,218442.9088,Energy
03/12/2012,209816.5009,Energy
01/01/2011,267696.915,Energy
27/04/2010,237365.3518,Energy
23/06/2010,254618.1676,Energy
01/01/2009,183937.2773,Energy
08/11/2009,208981.6873,Energy
25/01/2005,152214.3581,Energy
01/01/1992,216773.2815,Energy
11/12/2013,261853.2193,Energy
11/09/2009,207312.0599,Energy
25/09/2007,206198.975,Energy
01/01/2011,254339.8963,Energy
22/11/2010,257400.8798,Energy
02/09/2010,156388.4264,Energy
11/09/2009,255452.9812,Energy
01/01/2009,195346.3974,Energy
01/01/2009,245435.2173,Energy
01/01/2011,272984.0682,Energy
18/08/2009,192841.9564,Energy
26/09/2008,229852.0289,Energy
13/10/2011,271314.4409,Energy
03/06/2009,245435.2173,Energy
16/09/2008,118265.2691,Energy
14/11/2008,144144.4927,Energy
23/09/2008,251835.4554,Energy
10/09/2007,243487.3187,Energy
01/01/2011,207312.0599,Energy
24/11/2008,171136.8012,Energy
27/08/2013,260183.592,Energy
16/05/2008,250722.3705,Energy
18/09/2009,259070.5071,Energy
01/01/2008,239034.9792,Energy
26/10/2012,49254.00619,Energy
14/03/2010,194233.3125,Energy
03/11/2008,185328.6334,Energy
13/10/1995,244322.1324,Energy
06/02/2008,230130.3001,Energy
09/01/2003,153327.443,Energy
12/08/2009,223730.062,Energy
26/02/2007,261296.6769,Energy
01/01/2007,229295.4864,Energy
01/01/2006,206755.5175,Energy
27/11/2001,56489.05794,Energy
31/10/2006,265470.7452,Energy
23/10/2006,251835.4554,Energy
19/10/2012,158058.0537,Energy
01/01/2006,257122.6086,Energy
09/12/2006,162232.1221,Energy
29/05/2007,207590.3312,Energy
28/11/2005,229295.4864,Energy
01/01/2006,216216.739,Energy
06/05/2006,129396.1179,Energy
05/02/2006,163345.207,Energy
01/01/2006,159171.1386,Energy
18/12/2006,173641.2421,Energy
11/11/2005,244043.8612,Energy
21/02/2006,243209.0475,Energy
17/04/2006,144701.0351,Energy
01/01/2005,153049.1718,Energy
11/11/2005,180041.4802,Energy
21/02/2006,263801.1179,Energy
01/01/2005,176423.9544,Energy
23/05/2005,247939.6583,Energy
30/05/2005,244878.6748,Energy
08/08/2005,133291.915,Energy
01/01/2004,170858.5299,Energy
30/05/2005,264079.3891,Energy
01/01/2005,146370.6624,Energy
01/01/2006,161119.0372,Energy
01/01/2005,258792.2359,Energy
01/01/2004,166127.9192,Energy
12/06/2005,212042.6707,Energy
24/09/2002,136631.1697,Energy
27/09/2004,180041.4802,Energy
24/09/2002,171971.6148,Energy
24/09/2002,186998.2608,Energy
01/01/2004,217329.8239,Energy
01/01/2004,227904.1303,Energy
12/06/2005,173362.9709,Energy
01/01/2004,216216.739,Energy
01/01/2010,243209.0475,Energy
30/08/2004,176702.2256,Energy
01/01/2004,200077.0082,Energy
01/01/2004,129952.6604,Energy
09/12/2006,231243.385,Energy
23/03/2004,132735.3726,Energy
01/01/2004,79585.56932,Energy
05/09/1994,137187.7121,Energy
23/03/2004,220112.5361,Energy
01/01/2004,233469.5547,Energy
01/01/2003,244043.8612,Energy
01/01/2001,16167.55796,Energy
12/01/2003,123830.6935,Energy
01/01/2000,176980.4968,Energy
01/01/2003,262688.033,Energy
01/01/2003,194511.5837,Energy
01/01/2002,156388.4264,Energy
24/06/2003,214268.8405,Energy
03/04/2003,263244.5754,Energy
01/01/2003,90438.14695,Energy
16/07/2002,247661.387,Energy
19/07/2002,159449.4099,Energy
01/01/2002,231243.385,Energy
23/05/2003,241261.1489,Energy
21/08/2009,163066.9357,Energy
01/01/2002,149709.9171,Energy
19/07/2002,247383.1158,Energy
25/06/2002,153327.443,Energy
11/12/2010,226234.503,Energy
22/04/2003,192841.9564,Energy
22/10/2012,207590.3312,Energy
01/01/2011,181432.8363,Energy
24/09/2002,271592.7121,Energy
26/05/2002,182545.9212,Energy
01/01/2002,171693.3436,Energy
01/01/2013,212877.4844,Energy
01/01/2002,255174.71,Energy
15/04/2002,265470.7452,Energy
11/12/2001,211764.3995,Energy
19/11/2001,143309.679,Energy
01/01/2002,212042.6707,Energy
11/12/2001,135239.8136,Energy
01/01/2012,93220.85916,Energy
27/09/2005,156666.6976,Energy
01/01/1991,252670.269,Energy
22/04/2003,169467.1738,Energy
01/01/2001,87098.89229,Energy
11/12/2008,239034.9792,Energy
21/05/2001,244043.8612,Energy
05/01/2001,253505.0827,Energy
04/10/2006,214825.3829,Energy
11/12/2001,250444.0992,Energy
22/04/2003,198963.9233,Energy
17/10/2000,259070.5071,Energy
23/01/2001,232078.1986,Energy
15/04/2002,257400.8798,Energy
09/05/2013,258792.2359,Energy
23/05/2000,214268.8405,Energy
05/01/2001,167519.2753,Energy
16/01/1990,255452.9812,Energy
01/01/2000,165014.8343,Energy
01/01/2000,258235.6934,Energy
16/01/1990,259070.5071,Energy
01/01/2001,247939.6583,Energy
01/01/1999,265749.0164,Energy
01/01/2013,214825.3829,Energy
14/08/2000,229017.2152,Energy
01/01/1998,238200.1655,Energy
12/06/2005,182267.65,Energy
25/09/2000,203416.2628,Energy
02/01/2000,265192.474,Energy
01/01/2005,211764.3995,Energy
16/05/2000,232078.1986,Energy
14/08/2000,206477.2463,Energy
11/01/1999,146370.6624,Energy
01/01/1999,197294.296,Energy
06/07/1999,262409.7618,Energy
01/02/2010,184772.091,Energy
28/02/2000,239313.2504,Energy
01/01/2004,260461.8632,Energy
28/10/2002,268531.7286,Energy
16/10/2011,202024.9067,Energy
01/01/1998,169467.1738,Energy
06/07/1999,233747.826,Energy
29/10/2001,237643.6231,Energy
11/01/1999,137187.7121,Energy
01/01/1999,220390.8073,Energy
01/05/2011,269644.8135,Energy
27/07/1992,223173.5196,Energy
01/01/1999,254061.6251,Energy
11/01/1999,193955.0413,Energy
01/01/1999,265470.7452,Energy
26/04/1999,261853.2193,Energy
01/01/1998,260183.592,Energy
23/10/2001,195346.3974,Energy
01/01/1998,163066.9357,Energy
01/01/1999,121047.9813,Energy
15/03/1999,116873.913,Energy
02/12/1999,209816.5009,Energy
01/12/1999,194511.5837,Energy
16/11/1998,249887.5568,Energy
10/05/2010,206198.975,Energy
02/12/1999,189224.4305,Energy
01/01/2013,255174.71,Energy
01/01/2005,248496.2007,Energy
02/12/1999,202024.9067,Energy
18/05/1999,255452.9812,Energy
14/09/1998,225399.6893,Energy
01/01/1997,194233.3125,Energy
09/09/1996,186441.7183,Energy
01/01/2005,267975.1862,Energy
01/01/1996,242374.2338,Energy
02/12/1999,260740.1344,Energy
01/01/1997,205364.1614,Energy
01/01/1997,156944.9689,Energy
18/09/2009,204807.6189,Energy
01/01/1998,81533.46787,Energy
01/01/1997,256566.0661,Energy
16/09/1997,177815.3105,Energy
01/01/1997,232913.0123,Energy
01/01/1997,175589.1407,Energy
01/01/1998,163345.207,Energy
01/01/1997,266027.2876,Energy
01/01/1997,276323.3228,Energy
29/09/1997,138579.0682,Energy
10/03/1997,161675.5796,Energy
01/01/1997,243209.0475,Energy
01/01/1997,172249.886,Energy
01/01/2001,213712.298,Energy
22/09/2003,172528.1573,Energy
05/11/1997,206198.975,Energy
24/03/1997,272705.797,Energy
01/01/1996,204251.0765,Energy
10/10/1995,196737.7535,Energy
20/11/1995,207590.3312,Energy
23/10/2000,180319.7515,Energy
24/02/1997,168354.0889,Energy
01/01/2004,272149.2545,Energy
01/01/1996,185050.3622,Energy
30/06/1997,227904.1303,Energy
17/11/1997,172806.4285,Energy
17/03/2003,129117.8467,Energy
01/01/1997,276879.8653,Energy
01/01/1990,229852.0289,Energy
13/02/1996,117430.4554,Energy
01/01/1996,220947.3498,Energy
27/07/2010,277158.1365,Energy
30/06/1997,263801.1179,Energy
01/01/1995,254896.4388,Energy
02/05/1996,242930.7763,Energy
16/06/1995,122439.3374,Energy
17/11/1997,121882.795,Energy
10/02/1995,175310.8695,Energy
01/01/2002,219277.7225,Energy
16/06/1995,111865.031,Energy
23/10/2000,248774.4719,Energy
14/11/2005,199242.1945,Energy
17/11/1997,141640.0517,Energy
01/01/1995,265470.7452,Energy
15/03/1994,273818.8818,Energy
11/09/1993,110473.6749,Energy
04/03/1995,260740.1344,Energy
15/10/2013,125778.5921,Energy
29/10/2012,271314.4409,Energy
01/01/2008,221782.1634,Energy
14/11/2005,219277.7225,Energy
05/04/1995,252113.7266,Energy
25/11/2013,187276.532,Energy
14/11/2005,216495.0102,Energy
19/01/2011,255174.71,Energy
08/04/1993,146370.6624,Energy
01/01/1993,228182.4015,Energy
01/01/1993,156388.4264,Energy
14/11/2005,236530.5382,Energy
01/01/2011,239591.5216,Energy
14/11/2005,256566.0661,Energy
01/01/1993,200911.8218,Energy
16/11/1992,174754.327,Energy
11/09/1998,240148.0641,Energy
01/01/2003,197850.8384,Energy
01/01/2008,254061.6251,Energy
17/11/1992,59550.04138,Energy
01/01/2009,119378.354,Energy
01/01/1998,229295.4864,Energy
24/07/1992,256287.7949,Energy
06/01/1992,246826.5734,Energy
27/01/1992,52036.7184,Energy
11/09/1998,153327.443,Energy
19/07/2005,248774.4719,Energy
01/01/2013,215660.1966,Energy
01/01/2002,270201.356,Energy
24/09/1991,101012.4534,Energy
15/05/2000,131622.2877,Energy
15/03/2005,195346.3974,Energy
01/01/1990,148875.1034,Energy
01/01/2001,179206.6666,Energy
18/11/1991,142474.8653,Energy
11/04/2008,220390.8073,Energy
30/09/1991,90716.41817,Energy
01/01/2013,203694.5341,Energy
01/01/2011,174476.0558,Energy
18/09/2009,244878.6748,Energy
24/11/2009,241539.4202,Energy
01/01/2010,198685.6521,Energy
30/08/2010,236252.267,Energy
01/01/1998,191172.3291,Energy
30/05/2003,254339.8963,Energy
30/08/2010,261853.2193,Energy
19/10/2009,142474.8653,Energy
10/05/2010,118821.8115,Energy
24/10/2012,79585.56932,Energy
01/01/2004,99621.09726,Energy
18/09/2009,234304.3684,Energy
18/11/1991,120213.1676,Energy
01/01/1999,76802.8571,Energy
01/01/1998,50645.36229,Energy
01/01/1990,105186.5217,Energy
25/11/2013,165014.8343,Energy
30/08/2004,52314.98962,Energy
01/10/2000,209816.5009,Energy
24/10/2012,87377.16351,Energy
01/01/1998,201746.6355,Energy
18/09/2009,238478.4367,Energy
01/01/1993,93777.40161,Energy
01/01/2006,190059.2442,Energy
09/11/2010,101012.4534,Energy
01/01/2003,151936.0869,Energy
26/02/2010,198963.9233,Energy
11/09/1998,79863.84054,Energy
26/04/2010,212320.9419,Energy
01/01/2008,244322.1324,Energy
01/11/2000,155831.884,Energy
18/09/2009,238200.1655,Energy
01/01/2009,215938.4678,Energy
08/11/1992,182824.1924,Energy
07/07/2008,188667.8881,Energy
06/11/1991,58715.22771,Energy
01/01/2004,178650.1241,Energy
19/11/2010,154162.2566,Energy
11/09/1998,175032.5983,Energy
20/08/1999,250444.0992,Energy
01/01/1991,70402.61901,Energy
10/02/2001,262409.7618,Energy
01/01/1993,160562.4947,Energy
04/07/1992,181989.3788,Energy
07/01/2003,143031.4078,Energy
01/01/2002,124943.7784,Energy
25/04/2008,148318.561,Energy
02/01/1996,219834.2649,Energy
01/01/2013,235139.1821,Energy
01/01/2002,180041.4802,Energy
21/10/2003,271592.7121,Energy
04/11/2005,276601.5941,Energy
05/04/2007,198129.1096,Energy
01/01/2005,207033.7887,Energy
01/01/2002,178928.3954,Energy
01/01/2004,185606.9047,Energy
21/08/2000,213155.7556,Energy
26/02/2010,262409.7618,Energy
14/06/2004,232078.1986,Energy
26/02/2010,268531.7286,Energy
01/01/1995,156110.1552,Energy
03/08/2010,196181.2111,Energy
01/01/2006,185050.3622,Energy
29/01/2002,130509.2028,Energy
21/12/2010,219277.7225,Energy
01/01/2007,183659.0061,Energy
01/01/1993,127726.4906,Energy
01/01/2002,98786.28359,Energy
01/01/2009,206477.2463,Energy
01/01/2003,133848.4575,Energy
01/01/2002,227069.3166,Energy
03/04/2008,208146.8736,Energy
26/09/2005,153327.443,Energy
16/11/1999,50645.36229,Energy
02/04/2011,269644.8135,Energy
19/11/2010,195624.6686,Energy
01/01/2007,113256.3871,Energy
15/11/2011,27521.02379,Energy
03/01/2010,189780.973,Energy
17/11/2005,203972.8053,Energy
01/01/2008,179763.209,Energy
03/05/2004,200077.0082,Energy
11/12/1996,125778.5921,Energy
01/01/2008,229573.7576,Energy
01/01/2001,241817.6914,Energy
21/10/2003,256287.7949,Energy
12/09/2012,255452.9812,Energy
01/01/2008,167519.2753,Energy
06/06/1997,195624.6686,Energy
14/01/2003,163623.4782,Energy
01/01/2008,226512.7742,Energy
01/01/2011,110751.9461,Energy
03/01/2010,70959.16145,Energy
01/08/1996,146092.3912,Energy
03/01/2010,128004.7618,Energy
01/01/2005,94333.94405,Energy
01/01/1998,104073.4368,Energy
01/01/2005,183380.7349,Energy
01/01/1998,90438.14695,Energy
03/01/2010,178093.5817,Energy
28/01/2011,138022.5258,Energy
01/01/2001,187276.532,Energy
01/01/1996,165849.6479,Energy
06/01/2008,214547.1117,Energy
01/01/1996,109360.59,Energy
21/10/2003,202581.4492,Energy
01/01/2008,262688.033,Energy
03/01/2010,118821.8115,Energy
01/01/1998,254339.8963,Energy
01/01/1998,120769.7101,Energy
13/11/2011,137187.7121,Energy
22/10/2001,114369.472,Energy
01/01/2002,244043.8612,Energy
01/01/1997,139970.4244,Energy
03/01/2010,230965.1137,Energy
01/01/2010,143866.2215,Energy
01/01/2007,165571.3767,Energy
04/08/1994,69289.53412,Energy
01/01/1998,123552.4223,Energy
01/01/1995,147205.4761,Energy
01/01/1991,123830.6935,Energy
15/10/2002,99064.55481,Energy
22/02/1994,250165.828,Energy
24/09/2002,191728.8715,Energy
03/01/2010,141640.0517,Energy
07/08/2010,252391.9978,Energy
01/01/1993,178928.3954,Energy
07/11/2006,44245.1242,Energy
11/07/2007,242374.2338,Energy
01/01/2007,100455.9109,Energy
13/11/2000,248217.9295,Energy
13/11/2000,176980.4968,Energy
18/11/2009,134126.7287,Energy
01/01/1999,121326.2525,Energy
16/07/2013,137465.9834,Energy
13/11/2000,168910.6314,Energy
19/07/2010,259070.5071,Energy
01/01/2010,103795.1656,Energy
13/11/2000,216216.739,Energy
08/08/2011,220112.5361,Energy
13/11/2000,224286.6044,Energy
11/03/2009,175032.5983,Energy
30/09/2008,149709.9171,Energy
12/01/2010,144701.0351,Energy
13/11/2000,173919.5134,Energy
07/06/2004,167241.0041,Energy
01/01/2003,214825.3829,Energy
12/12/2011,131344.0165,Energy
14/02/1997,53984.61695,Energy
29/04/1991,214268.8405,Energy
01/01/1993,148875.1034,Energy
13/11/2000,238200.1655,Energy
07/12/2004,235139.1821,Energy
01/01/2003,157779.7825,Energy
13/11/2000,217608.0951,Energy
11/05/1991,197016.0247,Energy
13/11/2000,204807.6189,Energy
22/03/1993,163066.9357,Energy
24/09/2002,68454.72046,Energy
22/12/1995,69289.53412,Energy
13/11/2000,251557.1841,Energy
20/03/2001,209259.9585,Energy
13/11/2000,230130.3001,Energy
01/01/2008,211207.857,Energy
21/10/2003,82090.01031,Energy
28/03/2006,162510.3933,Energy
28/02/2003,247939.6583,Energy
13/11/2000,227625.8591,Energy
28/03/2006,93499.13039,Energy
02/04/2001,183102.4637,Energy
13/11/2000,211486.1283,Energy
01/01/1997,146927.2049,Energy
09/12/2005,138579.0682,Energy
13/11/2000,198963.9233,Energy
02/11/2008,73741.87367,Energy
13/11/2000,254896.4388,Energy
01/01/1999,161397.3084,Energy
24/09/2002,203972.8053,Energy
02/11/2008,153605.7142,Energy
13/11/2000,228460.6728,Energy
02/11/2008,197850.8384,Energy
24/09/2002,171415.0724,Energy
01/01/1991,178093.5817,Energy
08/05/1996,114369.472,Energy
24/09/2002,255174.71,Energy
01/01/1991,150823.002,Energy
11/09/1998,10796.92339,Energy
17/09/1990,142196.5941,Energy
24/09/2002,185328.6334,Energy
01/09/2004,60941.39748,Energy
01/01/1995,191172.3291,Energy
24/09/2002,93499.13039,Energy
01/01/2003,106856.149,Energy
01/01/2006,125500.3208,Energy
12/12/2000,198963.9233,Energy
01/01/1998,82646.55275,Energy
01/01/1998,106021.3353,Energy
01/01/1997,50088.81985,Energy
23/11/2004,147205.4761,Energy
14/12/2012,147762.0186,Energy
23/11/2004,215381.9254,Energy
24/09/2002,198685.6521,Energy
01/01/1999,63167.56725,Energy
01/01/1995,106021.3353,Energy
02/08/2005,92107.77428,Energy
24/09/2013,177537.0392,Energy
26/10/2010,75968.04344,Energy
30/09/1991,212042.6707,Energy
10/03/2000,113534.6583,Energy
01/01/2007,182545.9212,Energy
14/05/2010,91272.96061,Energy
01/01/1998,130509.2028,Energy
12/02/2004,127448.2194,Energy
13/03/2012,70680.89023,Energy
01/01/2010,90159.87573,Energy
01/01/1991,192007.1428,Energy
21/10/2003,43688.58176,Energy
13/03/2012,146648.9337,Energy
20/09/2011,90716.41817,Energy
01/01/2006,95725.30016,Energy
18/04/2012,58993.49893,Energy
01/01/2010,136352.8985,Energy
05/01/2006,58158.68527,Energy
01/01/2005,109917.1324,Energy
01/01/1998,75689.77222,Energy
25/11/2013,69846.07657,Energy
01/01/1998,185050.3622,Energy
30/04/2011,75133.22977,Energy
01/01/1998,55932.5155,Energy
01/01/1998,67619.9068,Energy
01/01/2008,23096.51137,Energy
21/10/2003,144144.4927,Energy
01/01/1998,53428.07451,Energy
11/01/1994,102251.1217,Danceability
15/01/2005,182286.9699,Danceability
12/09/2013,53864.43017,Danceability
01/01/2012,143334.1616,Danceability
27/07/1999,113206.599,Danceability
10/04/2013,215457.7207,Danceability
31/05/2010,210892.9385,Danceability
01/01/2014,256236.4418,Danceability
01/01/2014,165853.7539,Danceability
01/01/2014,231282.299,Danceability
01/01/2014,161593.2905,Danceability
01/01/2012,179243.7818,Danceability
18/06/2013,198415.8671,Danceability
01/01/2013,204806.5622,Danceability
12/10/2013,253801.8913,Danceability
11/05/2013,238585.9506,Danceability
27/09/2013,193546.766,Danceability
10/04/2013,161288.9717,Danceability
01/01/2014,201763.374,Danceability
18/10/2013,170418.5361,Danceability
10/04/2013,186547.4333,Danceability
01/01/2014,204806.5622,Danceability
01/01/2014,152159.4073,Danceability
01/01/2013,262322.8181,Danceability
01/01/2014,234934.1248,Danceability
19/04/2013,241629.1387,Danceability
01/01/1990,165549.4351,Danceability
29/03/2013,203893.6057,Danceability
01/01/2013,215457.7207,Danceability
15/03/2013,174678.9995,Danceability
17/02/2013,148811.9003,Danceability
01/01/2012,154898.2766,Danceability
08/01/2012,237672.9942,Danceability
01/01/2013,243759.3704,Danceability
23/03/2004,240411.8635,Danceability
11/04/2013,114423.8743,Danceability
13/05/2013,84296.31163,Danceability
26/11/2012,231890.9367,Danceability
11/05/2012,219413.8653,Danceability
04/02/2012,170722.855,Danceability
29/10/2012,174374.6807,Danceability
14/09/2012,186243.1145,Danceability
31/08/2010,168288.3044,Danceability
01/01/2012,221239.7782,Danceability
01/01/2012,200241.78,Danceability
27/03/2012,228543.4297,Danceability
01/01/2012,211805.8949,Danceability
14/05/2012,118380.0189,Danceability
19/03/2012,115032.5119,Danceability
24/07/2012,184417.2016,Danceability
01/01/2012,237368.6753,Danceability
03/12/2012,206328.1563,Danceability
01/01/2011,263235.7746,Danceability
05/07/2012,129335.4962,Danceability
22/06/2012,214849.0831,Danceability
24/10/2011,136639.1477,Danceability
01/01/1999,50516.92321,Danceability
18/07/2012,223370.0099,Danceability
28/06/2011,265061.6875,Danceability
25/05/2012,220935.4594,Danceability
28/11/2011,256540.7607,Danceability
19/08/2011,209067.0256,Danceability
01/01/2011,147290.3062,Danceability
10/02/2012,201763.374,Danceability
25/07/2011,207545.4315,Danceability
01/01/2011,171027.1738,Danceability
17/06/2011,204197.9246,Danceability
10/05/2010,241629.1387,Danceability
01/01/2011,228543.4297,Danceability
01/01/2011,232803.8931,Danceability
01/01/2011,200850.4176,Danceability
24/01/2011,168592.6233,Danceability
10/05/2010,214240.4454,Danceability
01/01/2010,210588.6197,Danceability
01/01/2010,251975.9784,Danceability
01/01/2010,188981.9838,Danceability
31/05/2010,188373.3462,Danceability
10/05/2010,193242.4472,Danceability
15/08/2010,204502.2434,Danceability
24/11/2010,187460.3898,Danceability
01/01/2010,214849.0831,Danceability
01/01/2012,209675.6632,Danceability
27/04/2010,200850.4176,Danceability
18/11/2013,189590.6215,Danceability
03/12/2012,240716.1823,Danceability
01/01/2011,198415.8671,Danceability
27/04/2010,209371.3444,Danceability
23/06/2010,140290.9735,Danceability
01/01/2009,156115.5519,Danceability
08/11/2009,214849.0831,Danceability
25/01/2005,106511.5851,Danceability
01/01/1992,139073.6982,Danceability
11/12/2013,110467.7297,Danceability
11/09/2009,217892.2712,Danceability
25/09/2007,224891.6039,Danceability
01/01/2011,170722.855,Danceability
22/11/2010,191720.8532,Danceability
02/09/2010,246193.921,Danceability
11/09/2009,269017.832,Danceability
01/01/2009,231890.9367,Danceability
01/01/2009,205110.881,Danceability
01/01/2011,187460.3898,Danceability
18/08/2009,181069.6946,Danceability
26/09/2008,258366.6735,Danceability
13/10/2011,137856.423,Danceability
03/06/2009,160071.6964,Danceability
16/09/2008,53864.43017,Danceability
14/11/2008,192329.4908,Danceability
23/09/2008,164940.7975,Danceability
10/09/2007,213631.8078,Danceability
01/01/2011,269322.1509,Danceability
24/11/2008,148811.9003,Danceability
27/08/2013,160984.6529,Danceability
16/05/2008,229760.705,Danceability
18/09/2009,229152.0673,Danceability
01/01/2008,241324.8199,Danceability
26/10/2012,131465.7279,Danceability
14/03/2010,178026.5065,Danceability
03/11/2008,226717.5168,Danceability
13/10/1995,151246.4508,Danceability
06/02/2008,176809.2312,Danceability
09/01/2003,258975.3112,Danceability
12/08/2009,213327.489,Danceability
26/02/2007,137247.7854,Danceability
01/01/2007,205719.5186,Danceability
01/01/2006,286059.6857,Danceability
27/11/2001,82774.71755,Danceability
31/10/2006,280886.2658,Danceability
23/10/2006,66037.18275,Danceability
19/10/2012,136030.5101,Danceability
01/01/2006,216370.6771,Danceability
09/12/2006,294276.2937,Danceability
29/05/2007,195981.3166,Danceability
28/11/2005,236760.0377,Danceability
01/01/2006,242237.7764,Danceability
06/05/2006,213023.1702,Danceability
05/02/2006,260192.5864,Danceability
01/01/2006,174070.3619,Danceability
18/12/2006,199633.1423,Danceability
11/11/2005,179243.7818,Danceability
21/02/2006,106511.5851,Danceability
17/04/2006,84904.94926,Danceability
01/01/2005,199937.4612,Danceability
11/11/2005,197502.9106,Danceability
21/02/2006,162810.5658,Danceability
01/01/2005,266278.9627,Danceability
23/05/2005,231282.299,Danceability
30/05/2005,180461.057,Danceability
08/08/2005,205415.1998,Danceability
01/01/2004,241629.1387,Danceability
30/05/2005,121423.207,Danceability
01/01/2005,192938.1284,Danceability
01/01/2006,156115.5519,Danceability
01/01/2005,153985.3202,Danceability
01/01/2004,161288.9717,Danceability
12/06/2005,199328.8235,Danceability
24/09/2002,195676.9977,Danceability
27/09/2004,251367.3408,Danceability
24/09/2002,196589.9542,Danceability
24/09/2002,193242.4472,Danceability
01/01/2004,99512.25235,Danceability
01/01/2004,126596.6268,Danceability
12/06/2005,289407.1926,Danceability
01/01/2004,201763.374,Danceability
01/01/2010,185330.1581,Danceability
30/08/2004,223370.0099,Danceability
01/01/2004,248628.4715,Danceability
01/01/2004,208154.0691,Danceability
09/12/2006,234325.4872,Danceability
23/03/2004,242237.7764,Danceability
01/01/2004,171027.1738,Danceability
05/09/1994,255627.8042,Danceability
23/03/2004,272061.0202,Danceability
01/01/2004,235542.7625,Danceability
01/01/2003,180156.7382,Danceability
01/01/2001,104989.991,Danceability
12/01/2003,195068.3601,Danceability
01/01/2000,136030.5101,Danceability
01/01/2003,130857.0903,Danceability
01/01/2003,253801.8913,Danceability
01/01/2002,150942.132,Danceability
24/06/2003,196589.9542,Danceability
03/04/2003,94947.47014,Danceability
01/01/2003,244063.6893,Danceability
16/07/2002,131770.0467,Danceability
19/07/2002,138769.3794,Danceability
01/01/2002,183808.564,Danceability
23/05/2003,172853.0867,Danceability
21/08/2009,172244.449,Danceability
01/01/2002,209371.3444,Danceability
19/07/2002,194764.0413,Danceability
25/06/2002,222152.7346,Danceability
11/12/2010,203893.6057,Danceability
22/04/2003,236151.4001,Danceability
22/10/2012,201154.7364,Danceability
01/01/2011,224282.9663,Danceability
24/09/2002,179548.1006,Danceability
26/05/2002,278451.7153,Danceability
01/01/2002,242237.7764,Danceability
01/01/2013,214849.0831,Danceability
01/01/2002,157941.4647,Danceability
15/04/2002,127205.2645,Danceability
11/12/2001,214240.4454,Danceability
19/11/2001,199024.5047,Danceability
01/01/2002,254410.529,Danceability
11/12/2001,157332.8271,Danceability
01/01/2012,243759.3704,Danceability
27/09/2005,233108.2119,Danceability
01/01/1991,190807.8967,Danceability
22/04/2003,176200.5936,Danceability
01/01/2001,143942.7993,Danceability
11/12/2008,225500.2416,Danceability
21/05/2001,257758.0359,Danceability
05/01/2001,156419.8707,Danceability
04/10/2006,203284.9681,Danceability
11/12/2001,197502.9106,Danceability
22/04/2003,225804.5604,Danceability
17/10/2000,183808.564,Danceability
23/01/2001,236455.7189,Danceability
15/04/2002,237368.6753,Danceability
09/05/2013,215153.4019,Danceability
23/05/2000,237672.9942,Danceability
05/01/2001,222152.7346,Danceability
16/01/1990,246193.921,Danceability
01/01/2000,149420.5379,Danceability
01/01/2000,163114.8846,Danceability
16/01/1990,171027.1738,Danceability
01/01/2001,189590.6215,Danceability
01/01/1999,194155.4037,Danceability
01/01/2013,215457.7207,Danceability
14/08/2000,189286.3026,Danceability
01/01/1998,168592.6233,Danceability
12/06/2005,288189.9174,Danceability
25/09/2000,230369.3426,Danceability
02/01/2000,179548.1006,Danceability
01/01/2005,216979.3148,Danceability
16/05/2000,228543.4297,Danceability
14/08/2000,208762.7068,Danceability
11/01/1999,161897.6093,Danceability
01/01/1999,224891.6039,Danceability
06/07/1999,187156.0709,Danceability
01/02/2010,192025.172,Danceability
28/02/2000,124466.3951,Danceability
01/01/2004,193546.766,Danceability
28/10/2002,133595.9596,Danceability
16/10/2011,161897.6093,Danceability
01/01/1998,73949.47193,Danceability
06/07/1999,185634.4769,Danceability
29/10/2001,225804.5604,Danceability
11/01/1999,78514.25415,Danceability
01/01/1999,192633.8096,Danceability
01/05/2011,250150.0655,Danceability
27/07/1992,184721.5204,Danceability
01/01/1999,192025.172,Danceability
11/01/1999,176200.5936,Danceability
01/01/1999,129335.4962,Danceability
26/04/1999,204502.2434,Danceability
01/01/1998,246802.5586,Danceability
23/10/2001,209675.6632,Danceability
01/01/1998,173461.7243,Danceability
01/01/1999,151855.0885,Danceability
15/03/1999,281190.5846,Danceability
02/12/1999,153072.3637,Danceability
01/12/1999,230977.9802,Danceability
16/11/1998,219109.5465,Danceability
10/05/2010,215153.4019,Danceability
02/12/1999,107728.8603,Danceability
01/01/2013,198415.8671,Danceability
01/01/2005,164940.7975,Danceability
02/12/1999,202980.6493,Danceability
18/05/1999,165853.7539,Danceability
14/09/1998,81253.12348,Danceability
01/01/1997,143942.7993,Danceability
09/09/1996,234934.1248,Danceability
01/01/2005,252888.9349,Danceability
01/01/1996,142116.8864,Danceability
02/12/1999,213327.489,Danceability
01/01/1997,207545.4315,Danceability
01/01/1997,218196.59,Danceability
18/09/2009,179852.4194,Danceability
01/01/1998,126900.9457,Danceability
01/01/1997,213631.8078,Danceability
16/09/1997,231586.6179,Danceability
01/01/1997,111685.0049,Danceability
01/01/1997,101338.1652,Danceability
01/01/1998,223674.3287,Danceability
01/01/1997,246498.2398,Danceability
01/01/1997,169201.2609,Danceability
29/09/1997,133900.2784,Danceability
10/03/1997,243759.3704,Danceability
01/01/1997,95251.78895,Danceability
01/01/1997,253497.5725,Danceability
01/01/2001,190807.8967,Danceability
22/09/2003,209675.6632,Danceability
05/11/1997,245585.2833,Danceability
24/03/1997,152463.7261,Danceability
01/01/1996,187156.0709,Danceability
10/10/1995,158854.4212,Danceability
20/11/1995,236151.4001,Danceability
23/10/2000,148203.2627,Danceability
24/02/1997,248019.8338,Danceability
01/01/2004,223370.0099,Danceability
01/01/1996,196589.9542,Danceability
30/06/1997,207545.4315,Danceability
17/11/1997,220326.8217,Danceability
17/03/2003,143029.8428,Danceability
01/01/1997,135421.8725,Danceability
01/01/1990,189894.9403,Danceability
13/02/1996,184721.5204,Danceability
01/01/1996,163419.2034,Danceability
27/07/2010,174374.6807,Danceability
30/06/1997,161897.6093,Danceability
01/01/1995,105294.3098,Danceability
02/05/1996,139986.6547,Danceability
16/06/1995,152159.4073,Danceability
17/11/1997,101946.8029,Danceability
10/02/1995,195068.3601,Danceability
01/01/2002,263540.0934,Danceability
16/06/1995,198111.5483,Danceability
23/10/2000,103772.7158,Danceability
14/11/2005,190503.5779,Danceability
17/11/1997,177722.1877,Danceability
01/01/1995,73645.15312,Danceability
15/03/1994,260192.5864,Danceability
11/09/1993,166462.3916,Danceability
04/03/1995,224587.2851,Danceability
15/10/2013,156724.1895,Danceability
29/10/2012,131465.7279,Danceability
01/01/2008,259888.2676,Danceability
14/11/2005,210284.3008,Danceability
05/04/1995,224282.9663,Danceability
25/11/2013,133291.6408,Danceability
14/11/2005,211501.5761,Danceability
19/01/2011,250758.7032,Danceability
08/04/1993,175287.6372,Danceability
01/01/1993,244063.6893,Danceability
01/01/1993,120205.9317,Danceability
14/11/2005,205110.881,Danceability
01/01/2011,209371.3444,Danceability
14/11/2005,170418.5361,Danceability
01/01/1993,195372.6789,Danceability
16/11/1992,215153.4019,Danceability
11/09/1998,101338.1652,Danceability
01/01/2003,206936.7939,Danceability
01/01/2008,248324.1527,Danceability
17/11/1992,101033.8464,Danceability
01/01/2009,195981.3166,Danceability
01/01/1998,182591.2887,Danceability
24/07/1992,208154.0691,Danceability
06/01/1992,176809.2312,Danceability
27/01/1992,75775.38482,Danceability
11/09/1998,131465.7279,Danceability
19/07/2005,225500.2416,Danceability
01/01/2013,174983.3184,Danceability
01/01/2002,152463.7261,Danceability
24/09/1991,158245.7836,Danceability
15/05/2000,243759.3704,Danceability
15/03/2005,168288.3044,Danceability
01/01/1990,272365.339,Danceability
01/01/2001,178939.4629,Danceability
18/11/1991,156419.8707,Danceability
11/04/2008,297928.1194,Danceability
30/09/1991,106207.2663,Danceability
01/01/2013,213631.8078,Danceability
01/01/2011,189286.3026,Danceability
18/09/2009,224282.9663,Danceability
24/11/2009,212414.5325,Danceability
01/01/2010,99816.57117,Danceability
30/08/2010,137552.1042,Danceability
01/01/1998,240107.5447,Danceability
30/05/2003,132683.0031,Danceability
30/08/2010,211501.5761,Danceability
19/10/2009,263235.7746,Danceability
10/05/2010,180156.7382,Danceability
24/10/2012,185025.8392,Danceability
01/01/2004,160071.6964,Danceability
18/09/2009,189894.9403,Danceability
18/11/1991,151550.7696,Danceability
01/01/1999,103772.7158,Danceability
01/01/1998,139986.6547,Danceability
01/01/1990,135421.8725,Danceability
25/11/2013,170722.855,Danceability
30/08/2004,177417.8689,Danceability
01/10/2000,231586.6179,Danceability
24/10/2012,73645.15312,Danceability
01/01/1998,117467.0624,Danceability
18/09/2009,186243.1145,Danceability
01/01/1993,242542.0952,Danceability
01/01/2006,206328.1563,Danceability
09/11/2010,111380.6861,Danceability
01/01/2003,188373.3462,Danceability
26/02/2010,188677.665,Danceability
11/09/1998,80948.80467,Danceability
26/04/2010,229760.705,Danceability
01/01/2008,230369.3426,Danceability
01/11/2000,132987.322,Danceability
18/09/2009,221848.4158,Danceability
01/01/2009,177722.1877,Danceability
08/11/1992,249845.7467,Danceability
07/07/2008,196285.6354,Danceability
06/11/1991,128726.8585,Danceability
01/01/2004,182286.9699,Danceability
19/11/2010,228543.4297,Danceability
11/09/1998,174678.9995,Danceability
20/08/1999,169201.2609,Danceability
01/01/1991,167983.9856,Danceability
10/02/2001,211805.8949,Danceability
01/01/1993,205719.5186,Danceability
04/07/1992,255627.8042,Danceability
07/01/2003,191720.8532,Danceability
01/01/2002,251063.022,Danceability
25/04/2008,225804.5604,Danceability
02/01/1996,227021.8356,Danceability
01/01/2013,119597.2941,Danceability
01/01/2002,239498.907,Danceability
21/10/2003,189894.9403,Danceability
04/11/2005,145464.3933,Danceability
05/04/2007,170722.855,Danceability
01/01/2005,223370.0099,Danceability
01/01/2002,206328.1563,Danceability
01/01/2004,165549.4351,Danceability
21/08/2000,202372.0117,Danceability
26/02/2010,162201.9281,Danceability
14/06/2004,194764.0413,Danceability
26/02/2010,152768.0449,Danceability
01/01/1995,151855.0885,Danceability
03/08/2010,231890.9367,Danceability
01/01/2006,237368.6753,Danceability
29/01/2002,147290.3062,Danceability
21/12/2010,213631.8078,Danceability
01/01/2007,230369.3426,Danceability
01/01/1993,183504.2452,Danceability
01/01/2002,200241.78,Danceability
01/01/2009,198720.1859,Danceability
01/01/2003,125987.9892,Danceability
01/01/2002,171635.8114,Danceability
03/04/2008,128726.8585,Danceability
26/09/2005,237368.6753,Danceability
16/11/1999,102859.7593,Danceability
02/04/2011,220022.5029,Danceability
19/11/2010,236151.4001,Danceability
01/01/2007,254714.8478,Danceability
15/11/2011,106511.5851,Danceability
03/01/2010,221544.097,Danceability
17/11/2005,213631.8078,Danceability
01/01/2008,188677.665,Danceability
03/05/2004,204806.5622,Danceability
11/12/1996,145160.0745,Danceability
01/01/2008,155811.233,Danceability
01/01/2001,157637.1459,Danceability
21/10/2003,181069.6946,Danceability
12/09/2012,262931.4558,Danceability
01/01/2008,104381.3534,Danceability
06/06/1997,206023.8374,Danceability
14/01/2003,221239.7782,Danceability
01/01/2008,222761.3722,Danceability
01/01/2011,119292.9753,Danceability
03/01/2010,50212.6044,Danceability
01/08/1996,181982.6511,Danceability
03/01/2010,171940.1302,Danceability
01/01/2005,144551.4369,Danceability
01/01/1998,153376.6825,Danceability
01/01/2005,187764.7086,Danceability
01/01/1998,167679.6668,Danceability
03/01/2010,191720.8532,Danceability
28/01/2011,228239.1109,Danceability
01/01/2001,181982.6511,Danceability
01/01/1996,164636.4787,Danceability
06/01/2008,180765.3758,Danceability
01/01/1996,105902.9475,Danceability
21/10/2003,129031.1774,Danceability
01/01/2008,125987.9892,Danceability
03/01/2010,189590.6215,Danceability
01/01/1998,160680.3341,Danceability
01/01/1998,183504.2452,Danceability
13/11/2011,141812.5676,Danceability
22/10/2001,150942.132,Danceability
01/01/2002,166766.7104,Danceability
01/01/1997,55994.66187,Danceability
03/01/2010,168288.3044,Danceability
01/01/2010,233412.5307,Danceability
01/01/2007,57820.57476,Danceability
04/08/1994,133900.2784,Danceability
01/01/1998,171027.1738,Danceability
01/01/1995,175287.6372,Danceability
01/01/1991,160680.3341,Danceability
15/10/2002,186243.1145,Danceability
22/02/1994,177722.1877,Danceability
24/09/2002,97077.70184,Danceability
03/01/2010,191112.2155,Danceability
07/08/2010,167983.9856,Danceability
01/01/1993,182895.6075,Danceability
07/11/2006,152159.4073,Danceability
11/07/2007,223978.6475,Danceability
01/01/2007,141812.5676,Danceability
13/11/2000,198111.5483,Danceability
13/11/2000,213936.1266,Danceability
18/11/2009,242846.414,Danceability
01/01/1999,124162.0763,Danceability
16/07/2013,152768.0449,Danceability
13/11/2000,117467.0624,Danceability
19/07/2010,131161.4091,Danceability
01/01/2010,83079.03637,Danceability
13/11/2000,197807.2294,Danceability
08/08/2011,115641.1495,Danceability
13/11/2000,151550.7696,Danceability
11/03/2009,153376.6825,Danceability
30/09/2008,147290.3062,Danceability
12/01/2010,159767.3776,Danceability
13/11/2000,120814.5694,Danceability
07/06/2004,132378.6843,Danceability
01/01/2003,152768.0449,Danceability
12/12/2011,188373.3462,Danceability
14/02/1997,155506.9142,Danceability
29/04/1991,197502.9106,Danceability
01/01/1993,171635.8114,Danceability
13/11/2000,143638.4805,Danceability
07/12/2004,153376.6825,Danceability
01/01/2003,195981.3166,Danceability
13/11/2000,202372.0117,Danceability
11/05/1991,188981.9838,Danceability
13/11/2000,183199.9264,Danceability
22/03/1993,132683.0031,Danceability
24/09/2002,122944.8011,Danceability
22/12/1995,215153.4019,Danceability
13/11/2000,168592.6233,Danceability
20/03/2001,204197.9246,Danceability
13/11/2000,171635.8114,Danceability
01/01/2008,171027.1738,Danceability
21/10/2003,141812.5676,Danceability
28/03/2006,185330.1581,Danceability
28/02/2003,111989.3237,Danceability
13/11/2000,166158.0727,Danceability
28/03/2006,146985.9874,Danceability
02/04/2001,155811.233,Danceability
13/11/2000,129639.815,Danceability
01/01/1997,175287.6372,Danceability
09/12/2005,145160.0745,Danceability
13/11/2000,149116.2191,Danceability
02/11/2008,147290.3062,Danceability
13/11/2000,114728.1931,Danceability
01/01/1999,197198.5918,Danceability
24/09/2002,146377.3498,Danceability
02/11/2008,167375.348,Danceability
13/11/2000,176809.2312,Danceability
02/11/2008,187764.7086,Danceability
24/09/2002,255019.1666,Danceability
01/01/1991,185634.4769,Danceability
08/05/1996,145160.0745,Danceability
24/09/2002,201154.7364,Danceability
01/01/1991,201763.374,Danceability
11/09/1998,152768.0449,Danceability
17/09/1990,131770.0467,Danceability
24/09/2002,138160.7418,Danceability
01/09/2004,166158.0727,Danceability
01/01/1995,174374.6807,Danceability
24/09/2002,196894.273,Danceability
01/01/2003,182591.2887,Danceability
01/01/2006,181069.6946,Danceability
12/12/2000,174374.6807,Danceability
01/01/1998,234934.1248,Danceability
01/01/1998,165549.4351,Danceability
01/01/1997,156419.8707,Danceability
23/11/2004,167071.0292,Danceability
14/12/2012,244976.6457,Danceability
23/11/2004,160071.6964,Danceability
24/09/2002,174678.9995,Danceability
01/01/1999,88252.45622,Danceability
01/01/1995,170722.855,Danceability
02/08/2005,153681.0013,Danceability
24/09/2013,143334.1616,Danceability
26/10/2010,151855.0885,Danceability
30/09/1991,139986.6547,Danceability
10/03/2000,173461.7243,Danceability
01/01/2007,214849.0831,Danceability
14/05/2010,217283.6336,Danceability
01/01/1998,94643.15132,Danceability
12/02/2004,133595.9596,Danceability
13/03/2012,66950.1392,Danceability
01/01/2010,210892.9385,Danceability
01/01/1991,207241.1127,Danceability
21/10/2003,93425.87606,Danceability
13/03/2012,177417.8689,Danceability
20/09/2011,86122.22451,Danceability
01/01/2006,155202.5954,Danceability
18/04/2012,160071.6964,Danceability
01/01/2010,181678.3323,Danceability
05/01/2006,117162.7436,Danceability
01/01/2005,91599.96318,Danceability
01/01/1998,150637.8132,Danceability
25/11/2013,99512.25235,Danceability
01/01/1998,213631.8078,Danceability
30/04/2011,238890.2694,Danceability
01/01/1998,111076.3673,Danceability
01/01/1998,84600.63044,Danceability
01/01/2008,214849.0831,Danceability
21/10/2003,262931.4558,Danceability
01/01/1998,110772.0485,Danceability
